smiles,rt
C[C@@H]1[C@H]2[C@@H]([C@H]3[C@@H](C(=O)C(=C([C@]3(C(=O)C2=C(C4=C1C=CC=C4O)O)O)O)C(=O)N)N(C)C)O,6.48
C1CCN[C@H](C1)[C@H](C2=CC(=NC3=C2C=CC=C3C(F)(F)F)C(F)(F)F)O,3.48
C[C@@H](CCCN)NC1=C2C(=CC(=C1)OC)C=CC=N2,4.54
C1=CC(=CC=C1C(=N)N)OCCCCCOC2=CC=C(C=C2)C(=N)N,6.51
CCN(CC)CCCCCCNC1=CC(=CC2=C(C=CN=C12)C)OC,2.3
C1CN(CCN1C(=S)NCC2=CC=CO2)S(=O)(=O)C3=CC=C(C=C3)Cl,0.96
CC1=NC(=NC2=C1C=CC=C2OC)N=C(N)N,5.16
CCCS(=O)(=O)N1CCC(CC1)(CC2=CC=CC=C2C(F)(F)F)CO,0.97
CC1=C([C@@H](C(=C(N1)C)C(=O)OC(C)C)C2=CC=CC3=NON=C32)C(=O)OC,0.96
CNCC[C@@H](C1=CC=CC=C1)OC2=CC=C(C=C2)C(F)(F)F,2.56
C1CCC(CC1)C(=O)N2C[C@H]3C4=CC=CC=C4CCN3C(=O)C2,1.08
CCN(CC)C(=O)N1CCN(CC1)C,4.5
COC(=O)NC1=NC2=C(N1)C=C(C=C2)C(=O)C3=CC=CC=C3,1.2
C1=CC2=C(C=C1Cl)N=C(O2)N,1.12
CN1CCCN(CC1)[C@@H](C2=CC=CC=C2)C3=CC=C(C=C3)Cl,2.42
C1CN[C@@]2(C3=C(C=CC(=C3)Br)NC2=O)C4=C1C5=CC=CC=C5N4,1.28
CC1=CC2=C(C=C1)NC3=C2N=CN=C3NCCN(C)C,5.5
COC1=C(C=C2C(=C1)C(=NC=N2)NC3CCN(CC3)CC4=CC=CC=C4)OC,5.66
CC1=CC(=C(C=C1OCC(=O)NC2CCCCC2)S(=O)(=O)N3CCCC3)Cl,0.96
CN(C)C1=NC2=CC=CC=C2C(=C1)NC(=O)NC3=CC=CC=C3,3.37
CC1=CC(=NO1)NC(=O)C2=CC=C(C=C2)S(=O)(=O)N(CC3=CC=CC=C3)C(C)C,0.97
COC1=CC(=CC(=C1)C(=O)NC[C@H]2CC3=C(O2)C(=CC(=C3)Cl)C4=CC=NC=C4)OC,1.09
CC1=CC(=NN1C2=CC=C(C=C2)NC(=O)C3CCN(CC3)CC4=CN=C(S4)C)C,4.01
CCOC1=CC=C(C=C1)C2=C(SC(=N2)NC(=O)CS(=O)(=O)C3=CC=CC=C3)C,1.03
C1CC1NC(=O)C2=CC=C(O2)CSCC3=CC=CC=C3Cl,1
C1=CC=C2C(=C1)N=C(O2)C3=CC=C(C=C3)NC(=O)C4=CC=C(C=C4)N,1.08
CC1=C(C=CC(=C1)CN2CCOC3=C(C2)C=C(C=C3)[C@](C)(CN(C)C)O)OC,5.35
CC1=CC(=NO1)C(=O)NC2=CN(N=C2)CC3=C(C=C(C=C3)Cl)Cl,0.99
C1CN(CCC1C(=O)N2CCC3=CC=CC=C3C2)C4=NN=NN4C5=CC=CC=C5,1.01
COC1=NC=C(C=C1)C2=CN=C3N2N=C(C=C3)NCC4=CC=C(C=C4)S(=O)(=O)N,1.69
COC1=C(C=CC(=C1)C2=C(N=CC(=C2)C3=CC=C(C=C3)S(=O)(=O)C)N)O,1.26
C1COCCC1CNC2=NN3C(=CN=C3S2)C4=CC=CS4,1.15
CC1=NC2=NC=CN2C(=C1)NC3=CC=C(C=C3)C(F)(F)F,1.89
CN(C)C1=CC=CC(=C1)CNC2CCN(CC2)CCC3=CC=C(C=C3)OC,5.48
C1CN2C(=NC(=C2NC3=CC4=C(C=C3)OCO4)C5=CC=CC=C5)CN1C(=O)CN,5.74
C1=CN=CC=C1C2=NN=C(O2)SC3=C(C=C(C=N3)C(F)(F)F)Cl,0.98
CC1=CC(=C(C=C1)NC(=O)C2=C(NC=N2)C(=O)NC3=NC4=CC=CC=C4N3)C,1.22
CC1=C(N2C=CC=CC2=N1)C(=O)NCC3=CC=C(C=C3)Cl,1.19
CC1=NC2=C(C(=NN2C(=C1)NC3=CC=NC=C3)C)C4=CC=CC=C4Cl,3.33
CC1=CC=C(C=C1)C2=NC3=C(C=C(C=C3)Br)C(=C2)C(=O)NC4=CN=CC=C4,1.06
CC1=CC(=NC2=NC(=NN12)C(=O)NC3=C(C=CC(=C3)C(F)(F)F)N4CCOCC4)C,0.98
CC1=C(C2=C(C=C1)[C@]3(C(=O)N2)NN=C(S3)C4=CC=CC=C4)C,1.06
COC1=C(C=C(C=C1)[C@@H]2CC(=NN2C(=O)C3=CC=CO3)C4=CC=CS4)OC,0.99
CC[C@@H](C(=O)OC)NC(=O)C1=CC=CC=C1NC(=O)C2=CC=C(C=C2)C,0.96
CCN(CC)S(=O)(=O)C1=CC(=C(C=C1)Cl)C(=O)NC2=CC3=C(C=C2)N=C(S3)C,1
CC1=CC=C(C=C1)S(=O)(=O)N2CCN(CC2)C(=O)C3=CC(=NN3)C4=CC=CC=C4,1.08
CCOC1=CC=CC=C1C(=O)NC2=CC=CC(=C2)C3=C(N4C=CC=NC4=N3)C,1.16
CC1=CC2=NC(=C(C=C2C=C1)[C@H]3NC4=CC=CC=C4C(=O)N3)Cl,1.13
C1=CC(=CN=C1)C2=NC=CC(=N2)NC(=O)C3=CC(=CC(=C3)C(F)(F)F)C(F)(F)F,0.99
CC1=NN(C=C1[C@H](C)NC2=NC(=CN=N2)C3=CC=C(C=C3)C(F)(F)F)C,1.06
CC1=NC2=C(N1C3CCN(CC3)C(=O)CC4=CC(=CC=C4)OC)C=C(C=C2)F,1.24
CC1CC1C(=O)NC2CCN(CC2)CC3(CCCCC3)C4=CC=CC=C4,2.43
CNC(=O)C1=CC(=CS1)S(=O)(=O)N2CCN(CC2)C3=CC=CC=N3,1.09
CC1=CC(=NO1)C(=O)NC2=CC=C(C=C2)C3=CC=CC=C3,0.95
CC(C)NCC(=O)NC1=CC=CC(=C1)C(=O)NC2=CC=CC(=C2)C(F)(F)F,3.81
CC1=CN=C(C=C1)NC(=O)C2=C(C=CC(=C2)S(=O)(=O)NC(C)(C)C)C,1
C[C@@H](C(=O)N1CCCC1)N2CCN(CC2)S(=O)(=O)C3=CC=C(C=C3)C(C)(C)C,1.05
CC1=CC=CC=C1C2=NN(C=C2C(=O)NC3=NN=C(O3)C)C4=CC=CC=C4,1.08
C[C@@H](C1=CC=CC=C1OC)NCC(=O)NC2=C(C=CC(=C2)C(F)(F)F)Cl,1.12
CC1CCCN(C1)C(=O)C(C)NC2=C(C=CC(=C2)Cl)N3CCOCC3,0.96
CC(C)[C@H](C1=CC=C(C=C1)Cl)C(=O)NC2=CC=C(C=C2)S(=O)(=O)N(C)C,0.94
CC1=CC=C(C=C1)OC2=CC=C(C=C2)NC(=O)CNC3=CC=CC=C3N4CCCC4=O,0.99
CC(C)N1C2=C(C=N1)C(=CC(=N2)C3CC3)C(=O)NCC4=CC=CC=C4OC,0.96
CC1=CC2=CC=CC=C2N1CC(=O)N3C[C@H](OC4=CC=CC=C43)C(=O)N5CCCCC5,0.96
C1CC1NC(=O)C2=CC=C(S2)N3CCOC4=C3C=C(C=C4)Cl,1
CC(C)[C@@H](C(=O)NC1=CC=CC(=C1)C#N)NC(=O)CC2=CC=CC3=CC=CC=C32,1
CC1=CC=CC2=C1NC(=C2C3=CC=NC=C3)[C@H]4CCCN(C4)C(=O)C5=C(ON=C5C)C,1.24
COC1=CC=C(C=C1)C2=C3C(=CN=C2)C=CC(=N3)C(=O)NCCCN4C=CN=C4,3.16
CN(CC(=O)NC1=C(C=CC(=C1)Cl)OC)C(=O)C2=NN(N=C2)C3=CC=CC=C3,0.98
CC(C)(C)C1=CC(=CC(=C1)C(=O)NC2=CN=CC=C2)C(=O)NC3=CN=CC=C3,1.46
CO/C=C(/C1=CC=CC=C1OC2=NC=NC(=C2)OC3=CC=CC=C3C#N)\C(=O)OC,0.95
CC1=NC2=C(C(=C1)NCC(C)C)NN=C2C3=CC=CC=C3,2.69
CC1=CC(=NC(=N1)/N=C(\N)/NC2=CC=C(C=C2)Cl)NCCC3=CC=CC=C3,2.78
CN1CCC(CC1)NCC2=CC=CC(=C2)C3=CC=C(C=C3)S(=O)(=O)NCC4=CC=CC=C4,5.89
CCN(CC)CCCN1CCN(CC1)C(=O)C2=CC=CC(=C2)C3=NOC(=N3)C(F)(F)F,3.22
C1CN(CCN1)C2=CC=C(C=C2)NC(=O)C3=NC4=C(C=NN4C=C3)C5=CC(=CC=C5)Cl,4.81
C1CC1CN2CC3=CC=CC=C3OC4(C2)CCN(CC4)CC5=CNC6=C5C=CN=C6,6.58
CC1=C(N=C(N1)C2=CC(=CC=C2)NCC3=CC=CC=C3)C,2.74
C1=CC(=CC2=C1C=CN=C2N)C3=CN4C=CN=C4C=C3,6.22
C1=C(C=NC(=C1C2=NC3=NC=C(C=C3N2)Cl)N)C4=CNN=C4,2.53
C1CN(C[C@H]1NC(=O)C2=CC(=CC=C2)C(F)(F)F)C3=CC=NC4=CC=CC=C43,3.24
C1COCCN1C2=CN=C3C=CC(=CC3=N2)C4=CC(=CC=C4)S(=O)(=O)N,1.18
CC(C)(C)C1=NN(C(=C1)C(=O)N2CCN(CC2)C3=NC=CN=C3C#N)CC4=CC=CC=C4,0.95
C1CCN(C1)CCCNC2=NC=C(C=C2)C3=CC(=CC=C3)NC(=O)C4=CC=CC=C4,3.91
C1CNCCC1OC2=C(C=C3C=CN=CC3=C2)C4=CC=C(S4)CNC5=CN=CC=C5,6.28
COC1=C(C=C(C=C1)C2=CN=C3N2N=C(C=C3)N4CCCC4)OC,1.27
C1CNCCC1OC2=C(C=C3C=CN=CC3=C2)C4=CC=C(S4)C(=O)NC5=CC=CC=C5,5.52
C1=CC2=NC=CC(=C2N=C1C3=CC(=CN=C3)S(=O)(=O)N)C4=CNN=C4,2.51
CC1=CC=C(C=C1)S(=O)(=O)N2C=C(C3=CC(=CN=C32)Br)C4=CC(=NC=C4)N,1.53
CN(C)CCNC(=O)N1CCCN(CC1)C2=NC=NC3=C2SC(=C3)C4=CC=CC=C4,5.51
CC1=CC2=C(C=C1)NC(=C2C3=CC=NC=C3)[C@H]4CCCNC4,5.69
C1CC1NC(=O)C2=CN=C(C=C2)N3CCC(CC3)CC4=CC=CC=C4,1.03
C1CN(CCN1C2=CC=NC=C2)C3=C(C=C(C=N3)C(=O)NC4=CC(=CC=C4)Cl)Cl,3.94
CN(C1=CC=CC=C1)C(=O)C2=CC3=C(C=CC=C3N2)C4=CN=CN=C4,1.14
CC1=CC=CC(=C1)C(=O)NC2=CC(=NC=C2)N(C)C3CCN(CC3)CC(C)C,4.09
C1CN(CCN1)C2=NC=C(C=C2)NC(=O)C3=C(N=C(O3)C4=CC=CC=C4)C(F)(F)F,4.69
CS(=O)(=O)C1=CC=CC(=C1)C2=CN=C3C(=C2)C(=CN3)C4=CC=C(C=C4)CCC(=O)O,1.41
C1=CC(=CC2=C1C=CN=C2N)OC3=CC=NC=C3,4.98
CCN1C2=NC(=C(C(=C2C=N1)NC3CCOCC3)CNC(=O)C4=CC=NN4C)C,1.64
C1=CC(=CC(=C1)Cl)NC2=CN=CC(=C2)C3=CC=C(C=C3)CO,1.18
C1CC1CNC2=C(C=C(C=N2)C3=CN=CC=C3)C(=O)NCCC4=CC=CC=C4,1.06
CC(C)(C)CN1C(=O)C(N=C1N)(C2=CC=CC=C2)C3=CC=CC=C3,1.67
C1=CC2=NN=C(N2C=C1)C3=NC(=NC=C3)NC4=CC=C(C=C4)CCO,1.42
CC(C)(CN)C1=NC(=C(N1)C2=NC(=NC=C2)N)C3=CC(=C(C=C3)Cl)O,5.91
CNC(=O)[C@@H]1CC2=C(C3(N1)CCN(CC3)CCC4=CC=CC=C4)NC5=C2C=CC(=C5)Cl,2.67
C1=CC(=CC(=C1)C(F)(F)F)C2=NC3=C(N2)C=CN=C3NCC4=CC=NC=C4,3.06
C1C2=C(C=C(C=C2)Br)N(C(=O)CO1)CC3=CC=C(C=C3)C(F)(F)F,0.94
C1COCCN1C2=NNC(=C2)C3=CC=C(C=C3)OC4=CC=CC=C4,1.08
CC1=C(C2=C(C=C1)N=C(C=C2OC)C(F)(F)F)N,0.94
C1=CC(=CC=C1C#N)C2=CC=C(C=C2)OCC(=O)N,1.1
CC1=CC(=NC2=CC3=C(C=C12)N(CC3)C(=O)C)C,1.85
CC1=CC(=NC(=N1)N2C(=CC(=N2)C)NC3=CC=CC=C3)C,1.02
CC1=NN(C(=C1C(=O)NC2CCCCCC2)Cl)CC3=CC=CC=C3,0.96
C1=CC(=NN2C1=NN=C2C(F)(F)F)Cl,0.97
C1CN2[C@H](CN1CC3=CC=CC=C3)CN(C2=O)CC4=CC5=CC=CC=C5S4,1.13
C1=CC=C2C(=C1)C=C(C=N2)NC(=O)C3=CC(=CC=C3)N4C=NN=N4,1.17
COC1=CN=CC(=C1)C2=CN=CC(=N2)N3CCN(CC3)C4=CC=NC=C4,5.33
C1CCN(CC1)C(=O)[C@H](CC2=CNC3=CC=CC=C32)NS(=O)(=O)C4=CC=C(C=C4)Cl,1.04
CCCNC(=O)N1CCC2(CC1)CC(=O)C3=C(O2)C=CC(=C3)C,1.04
C1=CC(=CC=C1C#N)C2=CN=C(C(=N2)C3=CC=C(C=C3)C(=O)N)N,1.34
CCOC(=O)NC(=O)C1=C(SC=C1)NC(=O)C2=NC3=CC=CC=C3S2,0.99
CC1=C(C2=NC3=C(CCCC3)C(=O)N2N1)C4=CC=C(C=C4)F,1.18
CCC1=CC=C(C=C1)[C@H](C(C)C)NCC2=NC(=NC(=N2)N(C)C)N,2.91
C1=CC(=CC(=C1)C(F)(F)F)C(=O)NC2=NN=C(O2)C3=CC=C(C=C3)Cl,1
C1C(C1C(=O)NC2=NC(=CS2)C3=CC=CC=N3)C4=CC=CC=C4F,1.09
CNC(=O)CNC1=C2C(=CSC2=NC(=N1)C3=CC=CC=N3)C4=CC=CC=C4,1.49
CCCN1C2=CC=CC=C2N=C1NC(=O)C3=NC4=CC=CC=C4C=C3,1.12
CCNC(=O)[C@H](C)NC1=C2C(=C(SC2=NC(=N1)C3=CN=CC=C3)C)C,1.18
CC1=CC=C(O1)C2=NC(=CS2)CN(CC3=CC=CC=N3)C(C)C,1.96
COC1=CC=CN2C1=NC(=C2C(=O)N3CCCCC3)C(F)(F)F,0.97
CC1=C(C(=O)N(C(=C1)OCC(=O)NC2=CC=C(C=C2)C(C)C)C)C#N,1.02
CCOC(=O)C1=NOC(=C1C2=CC=CC=C2)N,0.98
CC[C@H](C)NC(=O)C1=CC=C(C=C1)NC(=O)C2(CCCC2)C3=CC=CC=C3,0.97
CCOC(=O)C1=C(SC(=C1C)C(=O)N)NC(=O)C2=C(C(=C(C(=C2F)F)F)F)F,1.01
CC1=C(C=CC(=C1)Cl)NC(=O)CCC2=CC=C(C=C2)S(=O)(=O)NCC(C)C,0.97
CNC(=O)[C@@H]1CC2=CC=CC=C2N1C(=O)CC3=CC=C(C=C3)F,1.01
COC1=CC=C(C=C1)C2(CCCC2)C(=O)NC3=CC=C(C=C3)Br,0.94
CC1=C(C=CC(=C1)Cl)NC(=O)[C@H](C)OC2=CC=C(C=C2)OC,0.94
CCC(=O)NC1=CC=CC=C1C(=O)NC2=CC=CC=N2,1.05
COC1=CC=CC(=C1)NC(=O)C2=C(SC3=C2CCC3)NC(=O)C4=CN=CC=C4,1.01
COC1=CC=CC(=C1)N2C(=NN=N2)S(=O)(=O)C,0.96
COC1=CC=CC(=C1)C2=CC3=C(N2)C=CN=C3NC4=CN=CC=C4,3.26
CN1CCN(CC1)C2=NC=CC3=C2C=C(N3)C4=CC(=CC=C4)F,5.54
CCC1=C(N2C=C(C=CC2=N1)C(=O)NCC3=CC4=C(C=C3)OCO4)N(C)CC5=CC=CS5,1.41
CCOC1=CC=CC=C1N[C@@H](C)C(=O)NC2=C(C=CC(=C2)C(F)(F)F)N3CCOCC3,0.92
COC(=O)C1=C(SC2=C1CCCCC2)NC(=O)C3=C(C(=C(C(=C3F)F)F)F)F,0.91
CC(C)(C)C1=CN=C(S1)NC(=O)C2=CC=CC=C2O,1.02
CS(=O)(=O)CC1=NC2=CC=CC=C2OC1=O,1
C1CCN(CC1)C2=CC(=NC3=CC=CC=C32)C4=CC=CC=N4,1.49
CC[C@@H](C(=O)NC1=NN=C(S1)C)SC2=NC3=CC=CC=C3O2,1.09
C1CCN(C1)CCNC(=O)C2=CC(=NC3=C2C=C(C=C3)Cl)NCCN4CCOCC4,6.28
C[C@@](C1=CC=CC=C1)(C2=CC=C(C=C2)Cl)OCCC3CCCN3C,2.19
CC1=C(C(=NC(=N1)C2=CC=CC=N2)N(C)CCC3=CC=CC=C3)Cl,1.05
CC1=C(C(=NC(=N1)C2=CC=CC=N2)NCCC3=CC=C(C=C3)S(=O)(=O)C)Cl,1.17
CC1=C(C(=NC(=N1)C2=CC=CC=N2)N3CC[C@@H](C3)CC4=CC=CC=C4)Cl,1.13
C1=CC=C(C=C1)CCNC2=NC(=NC(=C2)C(F)(F)F)C3=CC=CC=N3,0.98
C1=CC=C(C=C1)C2=NC(=CC(=N2)NCCCN3C=CN=C3)C4=CC(=CN=C4)Br,2.37
C1CN(CCN1)CC2=CC=C(C=C2)[C@@H](C3=CC(=CC=C3)Cl)N4C=CN=C4,5.67
C1CCN(C1)CCNC(=O)C2=CC(=NC3=C2C=C(C=C3)Cl)NCCCCN4CCC(CC4)(F)F,5.91
C1=CC(=NC=C1C2=CC(=C(N=C2)N)C3=CN=C(C=C3)C(F)(F)F)C(F)(F)F,0.97
CC1=C(C(=O)C2=C(C=C(C=C2N1)F)F)C3=CC=C(C=C3)OC4=CC=C(C=C4)OC(F)(F)F,0.98
COC1=CC(=C(C=C1)OC)NCC2=C(C3=C(C=C2)N=C(N=C3N)N)Cl,3.77
CC(C)(C)C1=CC=C(C=C1)N[C@@H]2CCCC[C@H]2NC(=O)C3=CC=CO3,0.96
CC(C)N1C2=C(C(=N1)C3=CC(=C(C=C3)OC)OC)C(=NC=N2)N,1.15
C1=CC=C2C(=C1)C(=CC=N2)OCC3=CN(N=N3)C4=CC=C(C=C4)Cl,1.27
CC1=NC(=CC=C1)CCN(C2=CC=C(C=C2)OC)C(=O)C,1.21
CC1=NC(=CC=C1)CCN(C2=CC=C(C=C2)OC)C(=O)C3CCCCC3,1.1
C1CN(CCN1CCCCN(CC#N)C(=O)OCC2=CC=CC=C2)C3=CC=C(C=C3)F,1.9
C1=CC=C(C=C1)C2=CC(=NO2)C(=O)NC3=C(C=CC=C3O)C4=NC5=C(C=CC=C5O4)C(=O)O,1.27
C1CC[C@@H]([C@H](C1)N2C=CN=C2)OCC3=C(C=CC(=C3)Cl)Cl,1.82
CS(=O)(=O)N1CCC(CC1)CN2C3=C(C(=N2)CC4=CC=CC5=CC=CC=C54)C(=NC=N3)N,1.21
CN1C(=O)C2=CC=CC=C2C(=N1)CC(=O)NC3=CC(=C(C=C3)Cl)OC,1.07
CC(C)(C)OC(=O)N1CCN(CC1)C2=NNC(=C2)C3=CC=C(C=C3)OC4=CC=CC=C4,1
CCCCC1=CC=C(C=C1)NC(=O)NC2=CC(=C(C=C2)O[C@H]3CCCC[C@@H]3N(C)C4=CC=CC=C4)F,0.93
CC(=O)N(CCN(C1=CC=CC=C1)C(=O)C2=CC=C(C=C2)F)C3=CC=CC=C3,0.98
C1CC2=CC=CC=C2[C@@H]([C@H]1OCC3=CC(=CC=C3)Cl)N4C=CN=N4,0.95
C1COCCN1CC2=CC(=NN2)C3=CC=C(C=C3)OC4=CC=CC=C4,1.97
C1=CC=C(C=C1)C(=O)NC2=CC=CC=C2C3=NC4=C(C=CC=C4O3)C(=O)O,1.13
C1CNCCC1CN2C3=C(C(=N2)CC4=CC=CC5=CC=CC=C54)C(=NC=N3)N,5.64
COC1=CC=CC(=C1NC(=O)C2=NOC(=C2)C3=CC=CC=C3)C4=NC5=C(C=CC=C5O4)C(=O)OC,0.96
CC(C)[C@@H](C(=O)O)OC1=CC=CC2=CC=CC=C21,1.17
C1=CC=C(C=C1)NCCN(C2=CC=CC=C2)C(=O)C3=CC=C(C=C3)F,0.94
CN1CCN(CC1)C2=NC=CC3=C2N=C(N3)C4=CC(=C(C=C4)F)F,4.92
C[C@H](C(=O)N)N1CCCC[C@H]1C2=CC=C(C=C2)OCC3=CC(=CC=C3)F,2.06
C[C@H](C(=O)N)N1CCCC[C@@H]1C2=CC=C(C=C2)OCC3=CC(=CC=C3)F,1.23
CC1=CN=C(N1)CCNC(=O)C2=CC(=CS2)C3=CC=C(C=C3)Cl,4.14
C1=C(C(=NC=C1Br)N)C2=NC3=NC=C(C=C3N2)Cl,1.2
C1OC2=C(O1)C=C(C=C2)C3=C(N4C=CC=NC4=N3)Br,1.06
COC1=CC(=CC=C1)OCC(=O)C2=CC=C(C=C2)Br,0.94
CN1C2=C(C=N1)C(=NC(=N2)NCCC3=CNC4=CC=CC=C43)N5CCOCC5,1.12
CC[C@@H](C(=O)NC1=NC=CS1)SC2=NC3=CC=CC=C3O2,1.01
C1=CC=C(C=C1)CCNC2=C(N=C(O2)C3=CC=CC=C3F)C#N,0.95
CC1=CC(=CC=C1)CN2C=CC(=N2)NC(=O)C3=CC4=C(C=C3)OCO4,1
COC1=CC=CC(=C1)N2C(=NN=N2)S(=O)(=O)CC3=CC=CC=C3,0.93
C1CCC2=C(C1)C(=NN2)C(=O)N3CCN(CC3)CC4=CC5=C(C=C4)OCO5,2.31
C1CN2C3=C(C=CC=C31)C(=C(C2=O)C(=O)NC4=CN=CC=C4)O,1.09
CCS(=O)(=O)N(CC1=CC=CO1)CC2=CC3=C(C=C(C=C3)C)NC2=O,1.11
C1CCN(CC1)C2=NC3=CC=CC=C3C(=N2)NCC4=CC=CO4,2.46
CC(C)N1C2=C(C=N1)C(=CC(=N2)C3=CC=CC=C3)C(=O)NC[C@@H](C4=CC=CS4)N5CCOCC5,1
C1=CC=NC(=C1)C2=CSC(=N2)NC(=O)COC3=CC(=CC=C3)F,1.05
C[C@@H](C(=O)NC1=NC(=CS1)C2=CC=CC=N2)OC3=CC=CC=C3,1.03
CC1=C(C=C(C=C1)NC(=O)C[C@H]2COC3=CC=CC=C3O2)Cl,0.97
CC1=CC2=CC(=C(N=C2C=C1)Cl)CNCC3=CC=CS3,1.24
CC(C)C1=NC=C(C(=N1)C2CCC(CC2)CNC(=O)C3=CN=CC=C3)C4=CC=NC=C4,1.4
C1CCC(CC1)NC(=O)N2CCN(CC2)CC3=CC4=C(C=C3)OCO4,2.06
CCCN1C2=CC=CC=C2N=C1CNC3=CC=CC=C3O,1.46
CCC1=NC2=CC=CC=C2N1C[C@@H](COC3=C(C=CC(=C3)C)Cl)O,1.38
CCOC(=O)C1=NOC(=C1)C2=CSC(=N2)NC3=C(C=C(C=C3C)C)C,0.95
C1=CC(=C(C=C1Cl)Cl)C(=O)C[C@@H](C(Cl)(Cl)Cl)N,0.94
CCOC1=CC=C(C=C1)OCC(=O)NC2=CC(=CC(=C2)C)C,0.94
COC1=C(C(=CC=C1)OC)C(=O)NC2=CC(=C(C=C2)Cl)C3=NC4=CC=CC=C4S3,0.97
COC1=CC=CC=C1OCCCCN2C3=CC=CC=C3N=C2C4CC4,1.2
CC1=CC(=CC(=C1)COC2=C(C3=C(C=C2)C(=C(C(=O)O3)CCC(=O)O)C)C)C,1.11
C1CN(CCC1CC2=CC=CC=C2)C(=O)C3CCN(CC3)C4=NN=C(S4)N5C=CC=C5,0.99
COC(=O)C1=C(SC2=C1CCN(C2)CC3=CC=CC=C3)NC(=O)C4=CC5=CC=CC=C5OC4=O,1.52
C1=CC(=C(C=C1Br)C(=O)NC2=NNC(=S)S2)Cl,1.3
C1=C(SC(=C1)Cl)C2=NN=C(O2)NC(=O)C3=CC=C(S3)Cl,1.08
CC1=CC2=C(C=C1)OC(=N2)C3=C(C=CC(=C3)NC(=O)CC4=CC=CC=C4)Cl,0.97
C1=CC=C(C=C1)N2C=NC=C2C(=O)NC3=NC(=CS3)C4=CC=CC=N4,1.39
C1CN(CCN1CC2=CC3=C(C=C2)OCO3)C(=O)C4=CC5=CC=CC=C5O4,1.28
C1=CC(=C(N=C1)NC2=CC=C(C=C2)Cl)N,1.07
COC1=CC=C(C=C1)C2=C(C=CC(=C2)NC(=O)C3=C(C=C(C=C3)F)Cl)OC,0.95
CC1=NC(=CC=C1)NC(=O)C2=C(C=CC(=C2)S(=O)(=O)N(C)C3=CC=C(C=C3)F)Cl,0.95
C[C@@H](COC)NC(=O)CSC1=NC=NC2=C1C=C(S2)C3=CC=CC=C3,1.02
C1=CC=C2C(=C1)C=C(C(=O)O2)C(=O)NCCC3=CNC4=CC=CC=C43,1.01
COC1=CC=C(C=C1)NC2=CC=CC=C2NC(=O)C3=CNC(=O)C=C3,1.61
CC1=NN=C(C2=CC=CC=C12)NCC3=CC(=CC=C3)Cl,1.96
CC1=NN(C(=O)[C@H]1CC2=CC=CC3=CC=CC=C32)C4=NC5=CC=CC=C5S4,1.03
COC1=C(C=C(C=C1)C2=NC(=NO2)C3=CC(=CC=C3)NC(=O)CC4=CC=C(C=C4)F)OC,0.97
C1CSC(=N1)NC(=O)C2=C(C3=C(S2)C=C(C=C3)F)Cl,1.01
C1CCC2=C(C1)C(=C3C4=C(CCCC4)SC3=N2)N,2.61
C1CCC(CC1)CCC(=O)NC2=CC=CC(=C2)C3=NN=C(O3)C4=CC=CO4,0.97
CCCN1N=C(N=N1)NC(=O)COC2=CC=C(C=C2)C3CCCCC3,0.96
CC(C)(C)N1C2=C(C(=N1)CC3=CC=CC4=CC=CC=C43)C(=NC=N2)N,1.03
CN1CCN(CC1)C2=CC=C(C=C2)C(=O)NC3=NNC4=C3CN(C4)C(=O)[C@@H](C5=CC=CC=C5)OC,5.86
CC1(CC2=CN=C(N=C2C3=C1C(=NN3C)C(=O)NC)NC4=CC=C(C=C4)N5CCN(CC5)C)C,4.71
C[C@H]1COC2(O1)CCN(CC2)C3=NC(=O)C4=CC(=CC(=C4S3)[N+](=O)[O-])C(F)(F)F,0.96
CC1=NC=C(N1C(C)C)C2=NC(=NC=C2)NC3=CC=C(C=C3)S(=O)(=O)C,1.72
CC1(CC(C1)C2=NC(=C3N2C=CN=C3N)C4=CC5=C(C=C4)C=CC(=N5)C6=CC=CC=C6)O,1.91
C1[C@H](C1C(=O)C2=CC=C(C=C2)NCCO)C3=CC=C(C=C3)Cl,1.05
CCN1C=NC2=C1N=C(N=C2NC3=CC(=CC(=C3)F)F)C#N,0.98
C1=CC=C(C=C1)OCCOC2=C(C=C(C=C2)C3=CSC=C3)C(=O)N,1.01
CCCCS(=O)(=O)NC1=CC2=C(C=C1)C=NN2C,1.02
CC1=CC(=C2C=C(NC2=C1)C(=O)NC3CCCCCCC3)C,0.98
COC1=CC=C(C=C1)CN2C=NC3=C(N=C(N=C32)Cl)C4=CC=CO4,0.97
C1CN(CCC1C(=O)N2CCC3=CC=CC=C3C2)C4=NC=NC(=C4)N5C=CC=C5,1.01
CC1=NC2=C(C=C(C=C2)OC)C(=C1)OCC(=O)NC3=CC=CC=C3OC,1.42
CC1=NC2=C(C=C(C=C2)OC)C(=C1)OCC(=O)NCC3=CC=CC=C3,1.62
CC(C)(C(=O)NC1=CC=C(C=C1)F)N2C=C(C=N2)C3=CC=CC=C3F,0.94
C1=CC=C(C=C1)OCCOC2=C(C=C(C=C2)Br)C(=O)N,1.01
CN1CCN(CC1)S(=O)(=O)C2=CC=C(C=C2)C3=CC4=NC=CC(=C4C=C3)NC5=CC6=NNN=C6C=C5,6.23
C1=CC(=CC=C1OC2=CN=CC(=C2)C3=CC4=C(C=C3)N=C(N4)N)F,4.74
CN1C2=NSC(=C2C(=O)N(C1=O)C)S(=O)(=O)C,0.99
CCCCC1=CN=C(C=C1)C(=O)NC2=NC=CC3=CC=CC=C32,1.01
CC(=CCC/C(=C\CNCCNC1C2CC3CC(C2)CC1C3)/C)C,3.89
CCC1=C(N2C=C(C=CC2=N1)Cl)C(=O)NCC3=CC=C(C=C3)N4CCC(CC4)C5=CC=C(C=C5)OC(F)(F)F,0.98
C1=CC2=NC(=C(N2C=C1)C(=O)NCC3=CC(=CC(=C3)Cl)Cl)C(F)(F)F,0.96
C1=CC=C(C(=C1)C(=O)NS(=O)(=O)OC[C@@H]2[C@H]([C@H]([C@@H](O2)N3C=NC4=C3N=CN=C4N)O)O)O,2.78
COC1=CC=CC(=N1)C2=NC3=C(N2C[C@H]4CCCN4)C=CC=C3N5CCCC5,2.51
C1CN(CCN1)C2=NNC(=C2)C3=CC=C(C=C3)OC4=CC=CC=C4,5.24
C1CN(CC=C1C2=C(C=C(C=C2F)N3C[C@@H](OC3=O)CO)F)CC4=CC=CC=C4,2.4
CCCCOC(=O)NC1=C(C=C2C(=C1)NC(=N2)C3CCCCC3)N4CCCC4,1.65
CC1=NC2=C(C=C(C=C2)Br)C(=C1)OCC(=O)NCC3=CC=CC=C3,1.13
C1CN(C[C@H](N1)CC2=CC=CC=C2)C3=NC=CC(=N3)OC4=CC=C(C=C4)N5C=CN=C5,5.1
C1COCCC1C2=CC(=NN2)C3=CC=C(C=C3)OC4=CC=CC=C4,1.06
CC1=CN=C(N=C1OC2=CC=C(C=C2)N3C=CN=C3)N4CCN[C@H](C4)CC5=CC=CC=C5,5.04
CC1(CC2=C3C(=NC(=C2CO1)N4CCOCC4)SN=C3Br)C,0.97
C[C@H]1COC2=C3N1C=C(C(=O)C3=CC(=C2N4CCN(CC4)C)F)C(=O)O,4.81
CC(C)N=C1C=C2C(=NC3=CC=CC=C3N2C4=CC=C(C=C4)Cl)C=C1NC5=CC=C(C=C5)Cl,1.97
CC[C@H](CO)NCCN[C@H](CC)CO,6.52
CC(=O)NC[C@@H]1CN(C(=O)O1)C2=CC(=C(C=C2)N3CCOCC3)F,1.17
C1=CC(=C(C=C1NC(=O)C2=C(C=CC(=C2)Cl)O)C(F)(F)F)C(F)(F)F,3.02
CN1CCN(CC1)CCCOC2=NC=C(C=N2)NC3=NC=C(N=C3C(=O)N)C4=CC(=C(C=C4)C(F)(F)F)F,4.89
C1CN(CC=C1C2=C(C=C(C=C2F)N3C[C@@H](OC3=O)COC4=NOC=C4)F)CC5=CC=CC=C5,1.78
CC1=CC=CC(=N1)C2=NC3=C(C(=N2)NC4=NC=NC=C4)SC=C3,1.32
CCC1=CC=C(C=C1)S(=O)(=O)NC2=C(C=CC(=C2)CN3CCN(CC3)CCC(C)C)C,2.22
CCCC1=CC=C(C=C1)S(=O)(=O)NC2=CC=C(C=C2)CN3CCN(CC3)CC4CC4,2.75
C1=CC=C(C=C1)OC2=CC=C(C=C2)C3=CN=CC(=N3)C4=CC5=C(C=C4)NC=C5,0.98
C1=CC(=C(C=C1N=C(N)N)Cl)C2=CC=C(O2)C3=C(C=C(C=C3)N=C(N)N)Cl,6.55
CC1=C(C(=NN1C)C)NS(=O)(=O)C2=C(C=C(C=C2Cl)C3=CC(=NC=C3)N4CCNCC4)Cl,5.22
C[C@@]1(CN2C=C(N=C2O1)[N+](=O)[O-])COC3=CC=C(C=C3)N4CCC(CC4)OC5=CC=C(C=C5)OC(F)(F)F,0.93
CC(C)OC1=CC=CC(=C1)C2=CN3C(=CN=C3C=N2)C4=CC=C(C=C4)OC,1
C1=CC(=C(C=C1C2=CC=C(O2)C3=CC(=C(C=C3)N=C(N)N)Cl)Cl)N=C(N)N,6.52
C1=CC(=CC(=C1)F)COC2=C(C=C(C=C2)NC3=NC=NC4=C3C=C(C=C4)N)Cl,1.68
C1COCCN1CC(=O)NC2=CC3=C(C=C2)N=CN=C3NC4=CC(=C(C=C4)OCC5=CC(=CC=C5)F)Cl,1.32
CC1=CC=C(C=C1)[C@@]2(C3=C(C=CC(=C3)Cl)N=C(N2CCN4CCCCC4)C)O,4.47
CN1CCN(CC1)S(=O)(=O)C2=CC=C(C=C2)C3=CC4=NC=CC(=C4C=C3)NC5=NC=C(C=N5)Cl,3.82
CC(C)C1=CC=CC(=C1)C2=CN3C(=NN=C3C4=CC(=C(C=C4)OC)OC)C=C2,1.09
CC(=O)NC[C@H]1CN(C(=O)O1)C2=CC(=C(C=C2)C3=CC=C(C=C3)CNCC4=NNN=C4)F,5.49
CC(=O)N1CCN(CC1)C2=CC=C(C=C2)OC3=C(C=C(C=C3)Cl)O,1.13
C1CN(CC2=C1C3=C(N=C(N=C3S2)N)N)CC4=CC=CC=C4,3.73
COC(=O)C1=C(C=C(C=C1)F)NS(=O)(=O)C2=CC=CC(=C2)C3=CN(N=C3)CC4=CC=CC=C4,0.93
C1=CC=C(C=C1)CNC2=NC=NC3=C2N=CN3CCN4[C@@H]([C@@H](C4=O)OC5=CC=CC=C5)C6=CC=C(C=C6)Cl,1.05
CC1(C(=NN(C1=O)C2CCCCCC2)C3=CC(=C(C=C3)OC)OCC4=CC=CC=N4)C,0.96
C1CN=C(N1)C2=CC=C(C=C2)C3=NOC(=C3)C4=CC(=CC=C4)C5=NCCN5,6.92
COC1=C2C(=CC(=C1)C3=NCCN3)C=C(O2)C4=CC=C(C=C4)C5=NCCN5,6.89
CC(C)(C)OC(=O)N1CCC(CC1)CN2C3=C(C(=N2)C4=CC5=CC=CC=C5N=C4)C(=NC=N3)N,1.24
C1=CC(=CC=C1COC2=CC=C(C=C2)N(CCN)C(=O)C3=C(C=C(C=C3)Cl)Cl)Cl,4.46
C1CCN(C1)C(=O)NC2=CC(=C(C=C2)F)C3=NC4=C(N3)C=C(C=N4)C5=CC=CC=C5,1.33
COC1=C(C=CC(=C1)C2=NCCN2)C3=CN(N=N3)C4=CC=CC(=C4)C5=NCCN5,6.98
CC1=NC2=C(C=C(C=C2)Cl)[C@@H](N1CCNC(=O)CN(C)C)C3=CC=CC=C3,6.18
C1CNCCC1CN2C3=C(C(=N2)C4=CC5=CC=CC=C5N=C4)C(=NC=N3)N,6.25
CO[C@@H]1CN(C[C@H]1O)C2=NC(=C(C=C2)C#CC3(CN4CCC3CC4)O)CC5=CC=CC=C5,4.4
CC(C)(C)OC(=O)N1CCN(CC1)C2=NC=CC(=N2)C3=CC=C(S3)C4=CC=C(C=C4)Cl,0.93
CN1C=CN=C1CNCCS(=O)(=O)C2=CC=CC(=C2)NC3=NC=C(C=C3)C4=CC(=CC=C4)F,2.89
CCCCN(CCCC)C1=C(C=C(C=C1C#N)S(=O)(=O)NC2=CC=CC=C2)C#N,0.93
C1=CC=C2C(=C1)C=CC=C2CC3=C4C(=NC=NC4=NN3)N,1.61
CS(=O)(=O)N1CCC(CC1)CCN2C3=C(C(=N2)CC4=CC=CC5=CC=CC=C54)C(=NC=N3)N,1.16
C[C@H](C1=CC=CC=C1)C(=O)NC2=CC3=C(C=C2)OC(=N3)C4=CC=NC=C4,1.08
C[C@@H](C(=O)NC1=CC2=C(C=C1)OC(=N2)C3=CC=NC=C3)OC4=CC(=CC=C4)Cl,1.05
COC1=C(C=CC(=C1)C2=NCCN2)N3C=C(N=N3)C4=CC(=CC=C4)C5=NCCN5,6.97
CC(=O)NC[C@H]1CN(C(=O)O1)C2=CC(=C(C=C2)C3=CC=C(C=C3)CO)F,1.22
C1CN(CCC1C2=CC(=C(N2)C3=CC=C(C=C3)F)C4=CC=NC=C4)C(=O)OCC5=CC=CC=C5,1.3
C1=CC=C(C=C1)C2=CC(=NO2)C3=CC=C(C=C3)C(=N)N,4.76
CC(C)(C)C(=O)N(CCCCCCN1C[C@@H]([C@H]([C@@H]([C@H]1CO)O)O)O)C2CCCCCC2,5.82
COC1=C(C=C(C=C1)C2=NCCN2)C3=CN(N=N3)C4=CC=CC(=C4)C5=NCCN5,6.99
CC(C)(C)N1C2=C(C(=N1)C3=CC=CC=C3)C(=NC=N2)N,1.03
CCC1=CC=CC=C1N2C(=CN3C2=NC4=C3C(=O)N(C(=O)N4C)[C@@H](C(C)C)C(=O)OC)C,0.96
CC1=C(C(=NN1C(=O)NC2=CC=CC(=C2)C(F)(F)F)C)SC3=NC=CC=N3,7.97
C1CN(CCN1CC2=CC3=C(C=C2)OCO3)C(=O)NCC4=COC=C4,2.05
CC1=NSC(=C1C(=O)NCCOC2=CC=C(C=C2)OC)NC,1.01
C1CN(CCN1CC2=CC=C(S2)Cl)C(=O)NCC3=CC=CO3,1.1
C1=CC=C(C=C1)S(=O)(=O)[C@@H](CN)C2=CC=CS2,2.78
CN1CCC(CC1)C2=CC(=C(N2)C3=CC=C(C=C3)F)C4=CC=NC=C4,5.57
CC1=CC2=C(N1CC3=CC=C(C=C3)Cl)C(=NC(=N2)NC(=O)C(C)(C)C)Cl,0.99
C/C(=N/OCC1=CC=CC=C1/C(=N\OC)/C(=O)OC)/C2=CC(=CC=C2)C(F)(F)F,0.91
C1[C@@H](COC2=NC(=CN21)[N+](=O)[O-])OCC3=CC=C(C=C3)OC(F)(F)F,0.95
CC(=O)NC[C@H]1CN(C(=O)O1)C2=CC(=C(C=C2)N3CCSCC3)F,1.11
CS(=O)(=O)C1=C(C=C(C=C1)C(=O)N(C[C@H]2CCCO2)C3=NC4=CC=CC=C4S3)[N+](=O)[O-],0.95
C1CCN(C1)[C@H](C2=CC=CC=N2)C3=C(NC4=CC=CC=C43)C5=CC=CC=C5,2.26
CNC1=NN=C(S1)SC2=C(C(=O)N(N=C2)C3=CC=CC=C3)Cl,1.06
CC1=C(C2=CC=CC=C2N1)[C@H](C3=CC=CS3)N4CCN(CC4)C,4.09
C1=CC=C(C=C1)CNC(=O)CN2C=CN=C2[N+](=O)[O-],1.05
CC[C@@H]([C@H](C)O)N1C(=O)N(C=N1)C2=CC=C(C=C2)N3CCN(CC3)C4=CC=C(C=C4)OC[C@H]5C[C@](OC5)(CN6C=NC=N6)C7=C(C=C(C=C7)F)F,1.08
CC1=C(C2=NC3=C(CCCC3)C(=O)N2N1)C4=CC=C(C=C4)Cl,1.18
CC1=C(N=CC=C1)NC(=O)C2=CC(=CC=C2)OCC3=C(ON=C3C)C,1.06
C1CCC(CC1)C(=O)NCCC2=NN(C=C2)C3=CC=CC=C3,1.02
C1CCC2=NN=C(N2CC1)CNC(=O)C3=CC=C(O3)C4=CC=C(C=C4)F,1.53
C[C@H]1CCCCN1C(=O)NCCC2=COC(=N2)C3=CC=C(C=C3)F,1.04
CS(=O)(=O)C1=CC=CC=C1C(=O)N(CC2=CC=CC=C2)C3=CC=CC=C3,0.95
COC1=NC2=C(C=CN=C2C=C1)NC(=O)C3CCN(CC3)CCC4=CC=C(C=C4)Cl,3.33
C1COCCN1C2=CC=CC=C2NC(=O)[C@@H](CC3=CC=CC=C3)NC(=O)C4=CC=CS4,0.98
CC1=CC=CC=C1CN2CCC(CC2)(C3=CC(=C(C=C3)Cl)C(F)(F)F)O,2.08
CC(C)(C)N1C2=C(C(=N1)CC3=CC(=C(C=C3)F)Cl)C(=NC=N2)N,1.03
CCOC1=CC2=NC=C(C=C2C=C1)C3=NN(C(=C3C(=O)N)N)C(C)(C)C,1.15
CCOC1=CC2=C(C=C1)C=C(C=C2)C3=NN(C4=C3C(=NC=N4)N)CC5CCN(CC5)C,5.17
CN1CCN(CC1)C2=NC(=NC(=C2)C3=CC=C(C=C3)F)C4=CC=NC=C4,3.71
C1=CC=C(C=C1)C2=NC3=NC=NN3C(=C2)NCCC4=CC=C(C=C4)Cl,1.05
COC1=C2C(=CC(=C1)Br)C=C(C(=O)O2)C(=O)NC3=CC=CC(=C3)C(F)(F)F,0.92
C1=CC=C2C(=C1)C=C(O2)C3=C4C5=C(C=CC(=C5)Cl)N(C4=NC=N3)[C@H]6C([C@H]([C@H](O6)CO)O)O,1.39
CCC1=NN(C(=C1Cl)C(=O)NCC2=CC=C(C=C2)OC3=CC=C(C=C3)C)C,1.02
C1=CC2=C(C(=C1)Cl)N=C(S2)N(CCCN3C=CN=C3)C(=O)C4=CC=CO4,1.8
CCOC1=CC=C(C=C1)C2=NC(=CS2)CNCCC3=CC=C(C=C3)F,2.47
CC1=CN2C(=NC(=C2C3=NN(C=C3)CC4=CC=CC=C4)C)C=C1,1.76
COC1=CC(=CC2=C1OCO2)CN3CCC4(CC3)C=CC5=CC=CC=C45,2.12
CC(C)(C)C(C(N1C=NC=N1)OC2=CC=C(C=C2)C3=CC=CC=C3)O,1
CC1COC(O1)(CN2C=NC=N2)C3=C(C=C(C=C3)OC4=CC=C(C=C4)Cl)Cl,0.98
CC1=CC(=NO1)NC(=O)C2=CC=C(O2)OC3=C(C=C(C=C3)Cl)O,1.07
C1=CC=C(C=C1)C2=NC(=CS2)CCNC(=O)C3=CC=CC=C3,1.01
CCC1=CC(=O)N(C(=N1)S[C@@H](C)C(=O)NC2=CC=C(C=C2)F)C,1.01
CCCCCCCCCCCCCCCCOP(=O)([O-])OCC[N+](C)(C)C,5.31
CC(=O)OC1=CC=CC=C1C(=O)NC2=NC=C(S2)[N+](=O)[O-],1.02
CC1=CC=C(C=C1)S(=O)(=O)NC2=CC=C(C=C2)CN3CCN(CC3)C(=O)C4=CC=CC(=C4)C#N,1.2
COC1=CC=C(C=C1)S(=O)(=O)NC2=CC=C(C=C2)CN3CCN(CC3)C(=O)C4=CC=CC(=C4)C#N,1.24
C1CN=C(N1)N2CCN(CC2)CC3=CC(=C(C=C3)Cl)Cl,3.25
CC1=C(C=CC=C1F)CN2CCC[C@@H](C2)CC3=NC(=NO3)C4=CC=C(C=C4)NC(=O)C,2.08
C1CN(CCC1N(C2=CC=C(C=C2)C(F)(F)F)C3=CN=CC=C3)C4=NC=C(C=C4)C(F)(F)F,0.92
C1CN(CCN1C2=CC=C(C=C2)C(F)(F)F)C(=O)[C@@H](C3=CC=C(C=C3)Cl)C4=CN=CC=C4,1
C1=NC2=C(C(=N1)N)N=CN2C[C@H]([C@H](C(=O)O)O)O,8.85
C[C@@H](C1=CC(=CC(=C1)Cl)Cl)N(C)C2=NC=C3C(=NC(=NC3=N2)N)N,4.55
CC(C)(C)C1CCC(CC1)CC2=C(C3=CC=CC=C3C(=O)C2=O)O,0.94
CC1=CC(=CC(=N1)[C@@H]2CN(CCO2)C(=O)C3=NNC4=CC=CC=C43)NC,4.51
CN(C)CC[C@@](C1=CC=CC2=CC=CC=C21)([C@H](C3=CC=CC=C3)C4=C(N=C5C=CC(=CC5=C4)Br)OC)O,1.89
COC1=C(C=C(C=C1)C2=NN(C(=O)[C@H]3[C@@H]2CC=CC3)C4CCCCCC4)OCCCCOC5=CC=C(C=C5)C6=NNN=N6,1.12
CC1(C(=NN(C1=O)C2CCCCCC2)C3=CC(=C(C=C3)OC)OCCCCOC4=CC=C(C=C4)C5=NNN=N5)C,1.12
C[C@H](C1=CC=C(C=C1)OC2=CC=C(C=C2)OC)N(C)C3=NC=C4C(=NC(=NC4=N3)N)N,4.57
C[C@H](C1=CC2=C(CCCC2)C=C1)N(C)C3=NC=C4C(=NC(=NC4=N3)N)N,4.66
